Nume autor,Număr cuvinte
CARACOSTEA D. Dumitru ,14531
CARAGIANI Ioan D .,2142
CARAION Ion,15061
CARANICA Nicu,6468
CARIANOPOL Virgil,5627
CARIANOPOL Virginia,1251
CARP O .,1386
CATANOY Nicholas,3325
CAZACU G. Şt .,989
CAZACU Mihai,1708
CĂLIMAN Valeria,2072
DANCIU Dimitrie,1118
DANCIU Ion Maxim,2785
ACSAN Ion,3246
BANDRABUR Ionel,3767
BARBU Ana,2936
DASCĂLU Crişu,4466
DAMIAN George,1713
DAMIAN Nicolae,3116
DAMIAN Theodor,3235
BACALOGLU Victor A .,2348
BAGHIU Vasile,3380
BAHNER Werner,2494
CANCEL Petre,2373
BABA Ioan,1286
BABA Mărioara,1921
CACOVEANU Ştefan,2520
CAMARIANO Nestor,8001
DĂIANU Elie ( Ilie ),1955
DEBOVEANU Aurel,2176
ADAM Dinu,1401
ADRIAN I. V. Ion Veniamin ,1741
CIOMPEC Gheorghe,1410
CIORĂNESCU Alexandru,9701
CIORNEI Vsevolod,967
CIOTORI Dimitrie N .,1517
CIPARIU Dan Mircea,2588
CIRIMPEI Victor,1420
CIŞMAN Virgiliu N .,1334
BAUMGARTEN Alexander,2154
BĂCIUŢ Nicolae,2209
BĂDESCU Ioan ( Ioniţă ) Scipione,2342
ANDREESCU Ioana,2389
ANDRIESCU Radu,2699
ANDRIŢOIU Alexandru,8507
ANDRONIC Titus,1435
ANDRU Vasile,5960
ANESTIN Victor,3704
ANGELESCU Silviu,3396
CIFARELLI Giuseppe,830
CIMPOI Mihai,9392
CIOBANU Ion C .,1846
CIOBANU Nicolae,3652
CIOBANU Nicu,2609
CIOBANU Ştefan,9339
BĂDILIŢĂ Cristian,3871
BĂILĂ Ion,1136
BĂLAN Ion,2598
BĂLAN Ion Dodu,4408
BĂLĂCEANU Ion,4029
BĂLĂCESCU Costache,2070
BĂLEANU Andrei,3088
BĂLTEANU Lorina,2343
BĂNCILĂ Vasile,8517
AMZULESCU Al . I . Alexandru I . ,4163
ALMOSNINO George,2725
CHIPER Grigore,4448
CHIRIAC Ion,2378
CHIRIAC Vlad,1193
CHIRIACESCU Rodica,1686
CHIRIŢĂ Constantin,3301
ANONIMUL BRÂNCOVENESC,3860
ANTEMIREANU Alexandru,1872
ANTOHI Sorin,4404
CIOCÂRLIE Corina,2258
CIOCÂRLIE Livius,9960
CIACHIR Dan,2963
BENTOIU Annie,1723
BERCEA Livius Petru,3790
BERG Lotte,1308
BERLOGEA Ileana,6851
BERTOLDO Solomon şi Aşmedai,506
DRAGU Victoria,4738
DRĂGUŢA Simion,1307
DRIMBA Lucian,2010
DROGEANU Paul P .,2949
DRUMARU Paul,3650
AVRAMESCU Tiberiu,2148
AZAP Ioan-Pavel,3357
DRUMUR Marian,2301
DUCA I.G . Ion G . ,2890
CORBEA Andrei,5198
CORBEA Dumitru,2965
BELLA György,2548
CONSTANTINESCU Titel,3185
CONSTANTINOVICI Simona,4318
COPILU CHEATRĂ V. Vasile ,6606
BERZA Mihai,2550
BIBESCU Anton,1118
ARGINTARU C. Constantin ,3056
ARION George,3723
ARGHEZI Baruţu T .,3656
DRAGOMIR Mihu,3899
ARUŞTEI Petru,2110
ASLAN Edgar Theodor,1344
ATANASIU D.I .,1379
BELCIUGĂŢEANU Corneliu,2231
BELDICEANU Neculai,2887
BOLDUMA Ion,1115
CUNŢAN Maria,2040
CUSIN Adi,3450
CUŞNARENCU George,7024
CUŢITARU Codrin Liviu,3105
CUŢITARU Virgil,1819
CUJBĂ Sergiu,1217
BLECHER M. Max ,12420
BOBEŞ Tita,105
BODISCO Antoaneta,1229
BRANIŞTE Valeriu,4284
BRĂTULESCU Monica,2679
BRESLAŞU Marcel,5577
BOTEANU Gheorghe,1510
BOTEZ Demostene,9058
BOTEZ-GORDON Gheorghe V .,1421
BREZIANU Dominic,1505
BUCUR Doina,2358
BUCUR Marin,7242
BRAGA Mircea,3952
BRAGA Rodica,4711
BRAIESKU Constantin C .,1767
BODNĂRESCU Samson L .,4334
BODOR Pál,573
BORCIA Ion,2642
BORGOVAN Vasile Gr .,2126
BOITOŞ Olimpiu,3358
CĂLIN Constantin,3820
CĂLIN-BODEA Cornelia,2598
CĂLINESCU G. Gheorghe ,43137
BÁLINT Tibor,789
BALOTĂ Nicolae,17096
BALTAG Nicolae,1110
CÂNDROVEANU Hristu,3969
CÂRCHELAN Iuliu,820
CÂRNECI Radu,5305
CELARIANU Mihail,6656
CERNA Panait,3790
CHINEZU Ion,2769
BARBU Marian,4289
BARBU N. Nicolae ,4869
BARBU Petre,5382
BARDAN Vasile,1687
BARDÓCZ Árpád,315
BASCOVICI Șerban,1505
DINCĂ Dumitru Ion,3192
DINESCU Mircea,19523
ALECSANDRI Ioan ( Iancu ),1135
ALEXANDRU Doina,1462
BATALI Aurelia,808
DIACONU Mircea A .,7878
DIACONU Virgil,5582
DIAMANDY George,4333
DIMITRESCU Christea ( Christu ) N .,6309
DIMITRIU Daniel,4705
ALEXE George,2162
ALEXIANU Al . Alexandru ,3763
AL LUPULUI Nicolae,2961
CERNOV Alexandrina,2521
CHEIE-PANTEA Iosif,1728
CHIFOR Valentin,3685
DERȘIDAN Ioan,3815
CĂRCĂLEANU Eleonora,2925
DEMETRIUS V. Vasile ,3329
BĂNULESCU Ștefan,26137
BĂRBUCEANU Constantin,1958
BĂRBULESCU Titus,3028
BÂRGĂU Valeriu,3041
CIUCHINDEL Constantin,1310
CIURUNGA Andrei,3711
CLASICISM .,14528
CLOPOŢEL Ion,2865
COCHINESCU Ioan Mihai,3397
CONDREA DERER Doina,6861
CONDURACHE Val Valeriu ,2014
CONSTANT Savin,1844
CONSTANTINESCU Clitus,2737
CONSTANTINESCU Mihaela,3066
CONSTANTINESCU Mircea,6264
CODRUŢ Mariana,5413
COJOCARU Romulus,4186
COLIN Vladimir,4997
COMAN Marian,1489
COMNEA Victoria,3139
BÂRNA Nicolae ( 11.X.1950 București ) critic literar traducător editor .,4798
BÂRSEANU Andrei,1934
BÂRSEANUL Ion,1913
BEHRING Eva,2578
BEKE György,2474
DONNA Gabriel,1787
DORIAN Gellu,4721
CIUBOTARU Ion H .,4278
CIUCHI Eugen,2528
DOMAN Dumitru Augustin,4827
DOMINIC A .,2235
DONGOROZI Ion,1727
ANTONESCU Emanuel,2110
DINULESCU Ioana,4412
DOBRESCU Ioan,2082
DOBRIȘAN Nicolae,2678
BLAGA Lucian,28535
BLANDIANA Ana,14625
COSTEA Dimitrie,1768
COSTIN Calistrat,2660
COSTIN Jacques G,2578
COSTIN Lucian,3075
COSTINESCU Florin,1940
COŞBUC George,13816
DUMBRAVă Lucian,1520
DUMBRĂVEANU Anghel,4517
DUMBRĂVEANU Victor,1465
DUMITRESCU Aurelian Titu,4845
DUMITRESCU Geo,9066
CORESI diaconul,1765
CORLĂȚEANU Nicolae,2210
CORNEL Theodor,1965
CORNU Aurora,4820
COTRUŞ Aron,13210
COVALCIUC Dumitru,1554
CRĂCIUN Victor,2415
CRIŞAN Sorin,2660
CRUCEANU Mihail,3411
CUBLEŞAN Constantin,4419
CUCLIN Dimitrie,1615
CREŢU Vasile Tudor,1032
CRIMCA Anastasie,3013
CRISTEA Corina,4588
CRISTESCU-GOLOPENŢIA Ştefania,3934
DUMITRU M. Ion,4593
DURNEA Victor,5751
BILEŢCHI Nicolae,1862
BIRĂESCU Traian Liviu,1619
BUCUŢA Emanoil,9630
BUHOCIU Octavian,2594
BUJOREANU Gheorghe,1265
BULZA Teodor,2094
BUMBAC Vasile,2107
BURADA Maria,112
BURADA Teodor,283
BURADA Teodor T .,4875
BURERIU Lucian,2909
BUŞECAN Teofil,926
BUTNARU Leo,2948
DAN Sergiu,5589
DANILOV Nichita,13926
ACTERIAN Haig,3609
DAVILA Alexandru,11680
DELAVRANCEA Barbu,11812
BALTAG Cezar,7672
BALTAG Radu,4244
BALTAZAR Camil,4117
BANCIU Axente,1893
CANTUNIARI Mihai,4082
CAPŞA Liviu,2790
CARAGIU MARIOŢEANU Matilda,3046
CARDAŞ Gheorghe,1849
BARAC Ioan,5303
BARANGA Aurel,8910
DAŞCHIEVICI Englantina,1145
CAROLY Felix,1907
CARP P. P. Petre P . ,2832
CASSVAN Sarina,3646
CATINA Ioan,2659
DAMIAN Mircea,7324
DAN George,2445
CAMILAR Eusebiu,6052
CANTACUZINO Alecu ( Alexandru ),2218
BABANSKY Valeriu,1361
BACONSKY Leon,1383
BADEA Mircea,1017
BĂIEȘU Ion,13693
BĂIEȘU Nicolae,1294
BĂILEANU Gheorghe,857
BĂILEȘTEANU Fănuș ( Ștefan ),2726
BĂJENARU Grigore,4390
BĂLAJ Teofil,3443
BĂLAN Ion,1606
BĂLĂEŢ Dumitru,2450
BĂLĂNOIU Emilian,2878
BĂLCESCU Nicolae,10921
BĂNESCU Florin,2735
AMĂRIUŢEI Constantin,5644
AMIRAS Alexandru,1371
AMZĂR Dumitru Cristian,8288
CIOBANU Mircea,16228
CIOBANU Vitalie,2791
CIOCAN-IVĂNESCU Rodica,1854
CIOCANU Ion,2365
CIOCANU Vasile,2504
ANDRÁS János,1744
ANGHEL Paul,9416
ANGHEL Petre,2941
ANGHELESCU Nadia,2543
ANINEANU Marta,224
ANTIM Corneliu,1299
ANTIM IVIREANUL,6849
CHIRIAC Teo,2193
CHIRIŢESCU Florin,1522
CHIRU-NANOV Ion,1292
CHIŞU Lucian,4160
CIOCÂRLAN I . Ion ,1985
CIOCULESCU Barbu,6121
CIOFLEC Virgil,1365
CIPARIU Timotei,6506
BĂDĂUŢĂ A . Alexandru ,2122
CHIŢIMIA Silvia,1904
CHIVA Ionuț,3540
CHIVU Adrian,2400
ASACHI Gheorghe,18431
AVĂDANEI Ştefan,2713
AVRAM Nicolae,3430
DRăGAN Radu,2990
DRĂGESCU Ioan ( Ioachim ) C .,2029
DRĂGHICI Marian,5690
DRăGOI Gabriela,3042
DRĂGUŞANU Sidonia,3846
DROUHET Charles,3974
CORBEANU Nicolae,3618
CORBUL Vintilă,5845
BELIGAN Anamaria,3977
ARDELEANU Aurel Gheorghe,2327
ARETZU Paul,2421
DRAGOLEA Mihai,3481
DRAGOMIRESCU Laura,1091
BELDICEANU Nicolae N. ( 15.V.1881 Rădășeni j. Suceava – 9.VI.1923 Sibiu ) prozator .,4788
BELDIMAN Alecu ( Alexandru ),1865
APETRI Dumitru,2813
BERARIU Constantin,1666
BERBECARU Valentin,2479
BEŞLEAGĂ Vladimir,5455
CONSTANTINESCU Viorica S .,3559
CONSTANTIN-STELIAN Stelian,2078
ARSENE Arthur Maria,1858
AXINTE Şerban,2875
BRATEŞ Radu,4993
BRATEŞ Verona,1184
BRATU Traian,1850
BRĂESCU Gheorghe,7482
BRĂNIŞTEANU B .,2186
BRÂNCUŞ Elisabeta,1344
BREDICEANU Coriolan,1048
BRABORESCU Ştefan,4331
BRAD Ion,10200
BOGACI Gheorghe,1008
BOGDAN-DUICĂ G. Gheorghe ,9739
BOŞCA Teodor,1625
BOTEZ Alice,9428
CUGLER-PONI Matilda,1250
BOBEI Gheorghe,1242
BOCIORT Ignat Florian,1727
BOCŞA Nicolae,1741
BOLOŞ Ion,1550
BORTOŞ Petru,2294
BOSSUECEANU Grigore R .,1561
BOLINTINEANU Dimitrie,4809
BOICULESI Valeria,1273
BOLDEA George,1774
BUCUR Septimiu,1861
AESCHT Georg,1600
AGÂRBICEANU Ion,18558
CĂLINESCU Matei,21425
CĂLUGĂRU Alice,4931
CĂLUGĂRU Ion,5492
CĂPRARIU Al . Alexandru ,2852
ADAM Ioan,2840
ADANIA Alf Alfons ,979
ADERCA F. Felix ,13128
ADERCA Marcel,1410
CANTEMIR Antioh,5015
CANTEMIR Dimitrie,21937
CESEREANU Domiţian,2949
CEUCA Justin,2806
CHEIANU Constantin,1691
CHENDI Ilarie,17297
CHESARIE DE Râmnic,3281
CHIHAIA Pavel,6381
CHIOARU Dumitru,3380
ALDULESCU Radu,14184
ALECSANDRI Vasile,22409
ALEXANDRU Oltea,2917
CÂNTEC c .,6211
CÂRLOVA Vasile,5656
CERNAT Paul,7237
CERNEŢ Laurenţiu,1935
ALEXI Theochar,2146
ALEXIU Ştefan,1178
AL-GEORGE Ion,3412
AL-GEORGE Sergiu,4665
ALIMĂNEŞTIANU Pia,3252
ALMANAH a .,705
DIMA Ştefan,2155
DIMACHI Neculai,1503
DIMISIANU Gabriel,7450
DIMITRIADE Constantin,1443
DIMITRIU Nicolae,2714
DIMITRIU Toma,2722
DIACONESCU Mihail,4766
DIACONU Marin,3049
DIAMANDI Sterie,2569
DELEANU Andrei Ion,2482
DELEANU Marcu Mihail,1565
DEMETRESCU Romulus,1810
DEMETRIADE Mircea C .,4511
CHIORALIA Constantin,1664
BARZIN Vlada,1151
CIUREZU D. Dumitru ,4318
CIZEK Alexandru Nicolae,4485
CLARNET Adolphe,3538
CLAYMOOR C .,1441
COCORA Ion,3961
CODRESCU Andrei,8056
COJA Ion,3486
COJOCARU Mircea,2078
COLAC Tudor,1214
COLORIAN Alexandru,2854
COLOŞENCO Mircea,2658
COMĂNESCU Denisa,2646
COMOROŞAN Sorin,3070
DOBOŞ Andrei,4020
DOBRE Aneta,1591
DOBRIDOR Ilariu,1814
DOCLIN Octavian,3379
DOHOTARU Adrian,2861
ANTONESEI Liviu,6318
ANTONIU Ion,2150
ANUŢA Cătălin,1928
DINUTZ Mircea,2887
DOINă d .,774
DOLËNGA Lotis,1146
DOMOKOS János,1162
DOMŞA Aurel C .,1843
BĂNULESCU-BODONI Gavriil,917
BĂNUŢĂ Ion,3430
BĂRBULESCU Corneliu,1695
BĂRBULESCU Emil,1113
BĂRBULESCU Simion,1558
CONDEESCU N.N . Nicolae N . ,7814
CONSTANTIN Theodor,2973
DONOS Arcadie,1729
DORCESCU Eugen,3806
BECESCU Florian I .,1999
CRIGAN Grigore,2229
CRISTEA Valeriu,16793
CRISTEA-ENACHE Daniel,4169
CRISTIAN Vasile,1754
CRISTOFOR Ion,3059
BITTEL Adriana,3903
BÎLBÎIE Radu Marian,1956
BÎRSAN Liviu,1910
BLAGA Iosif,1688
CREŢAN Gabriela,3092
CREŢEANU George,2179
CREŢU Ion,1568
CRUCEANU Ada D .,1468
CRUDU Dumitru,5513
CRUDU Tiberiu,2590
CUCEU Ion,3429
CUCIURAN Mihail,1695
COŞERIU Eugeniu,8418
COTORCEA Livia,4670
CRĂCIUNESCU Ioana,3585
CRĂCIUNESCU Pompiliu,2645
BIEŃKOWSKA Danuta,2483
BILCIURESCU Alexandru,2842
DUMITRAŞCU Aurel,8161
DUMITRIU Dana,8886
DUNĂ Teodor,5072
DUŢU Alexandru,4864
DVOICENCO-MARKOVA Eufrosina ( Efrosinia ),1845
CORNEA George,2804
COTRUŞ Ovidiu,366
BUDESCU Ion,3091
BUESCU Victor,2066
BUFNILĂ Ovidiu,2476
BUGARIU Voicu,5059
BUGNARIU Iuliu,1063
BUICIUC Mircea Aurel,1607
BULAT Mariana,1218
BUMBAC Ion ( Ioniţă ) I .,1576
BUNARU Eugen,3588
BUNĂ VESTIRE,448
BURLACU Doru George,2297
BUSUIOCEANU Alexandru,8871
BUŞNEAG Elis Elisabeta ,892
BUTNARIU Gheorghe V .,1404
BUZDUGAN C. Z . Constantin Z . ,5702
BUZDUGAN-HAŞEGANU Cornelia,2037
BUZEA Constanţa,10743
BUZINSCHI Anta Raluca,2089
BUZURA Augustin,14498
BACIU Ștefan,5906
BADIU Vasile,759
BAGDAT Toma Alexandru,102
BAIDAN Boris,801
BALACI Alexandru,5786
BALACI Anca,4341
BALAMACI Elena,1395
DAFIN Ioan,1611
DAIAN Paul,3436
CANTACUZINO Constantin stolnicul,14532
CANTACUZINO Ioan,2115
BABEŢI Adriana,5319
BACALBAȘA Anton,3158
BACALBAȘA Constantin C .,4987
DAMASCHIN Dan,2327
DAMIAN Liviu,3521
DAMIAN Ştefan,2792
DAN Mariana,2097
DAN Mihail,1862
DAVIDOGLU Mihail,3159
DĂRMĂNESCU Iordache Darie,152
DECUBLE Gabriel H. Horațiu ,5793
DEL CONTE,6775
CĂLINESCU Al . Alexandru ,4832
CĂLINESCU Alexandru,852
BALOȘ Olimpiu,2492
BALOTĂ Bianca,4089
BANTAȘ Andrei,3148
CARTIANU Ana,2183
CAUREA Daniela,2419
CAVARNALI Vladimir,1323
CAZIMIR Ştefan,7442
ADAM Sergiu,4347
ADAMESCU Gh . Gheorghe ,1932
ADAMS-MUREŞANU Eugenia,1133
CANTILLI Aristide,831
CANTONIERU Niculae,1570
CALOVIA Ion,785
CAMARIANO-CIORAN Ariadna,3440
CANDREA I.-A Ion-Aureliu ,4587
BANU Constantin,2392
BARBĂ Gheorghe,4252
DASCĂLUL PETREA,1680
DÁVID Gyula,2490
DAN Vasile,4216
ACHIŢEI Gheorghe,1320
ACOSMEI Constantin,1833
CIOCLEA Eugen,5022
CIOCULESCU Şerban,27580
CIOFLEC Dimitrie,1219
CIOMAC Emanoil,2645
BĂLĂNESCU Ioan P .,4133
BĂLĂȘEL Teodor,1711
BĂLCEȘTI Ștefan,2058
AMARU Bogdan,2234
AMFILOHIE HOTINIUL,6222
ANCA George,2764
CIOPRAGA Constantin,5501
CIREŞ Lucia,2008
CIREŞ Vasile,1004
BĂCILĂ Iosif,951
BĂDESCU Horia,5632
BĂDESCU Irina,955
BĂDESCU Lucian,1293
ANDERCO Ioan Artemie,2606
ANDRONACHE Vasile,928
ANESTIN Ion,3083
ANGHEL Petre D .,1612
ANGHEL Petru,3391
BĂLAN George,3734
BĂLAN-OSIAC Elena,991
BĂLĂCEANU Ion,1647
CHIVU Aurelian,2336
CIBOTARU Arhip,1823
CIBOTARU Simion,1361
CINCA Silvia,2171
CIOCANU Aurel,843
CIOCÂLTEU Alexandru,1033
CHIRA Minerva,2348
CHIRESCU Aurel,2914
ANTON Costache,3228
ARCU Constantin,3013
ARGETOIANU Constantin,4124
ARGHEZI Tudor,73389
DRAGNEA Radu,4127
DRAGOMIRESCU Mihail,12617
DRAGOŞ Nicolae,2555
DRAGU Ioan,4258
BIBERI Ion,10895
BIBESCU Martha,5219
BIBICESCU I.G . Ioan G . ,1762
ARIEŞANU Ion,4337
DRĂGAN Gabriel,1076
DRăGAN Gheorghe,4187
DRĂGAN Ioana,3105
DRĂGAN Mihai,3472
DRĂGHICESCU Alexandru G .,1477
DRĂGHICI Manolachi,2441
DRUMEA Domnica,3503
CONSTANTINESCU Ovidiu,4276
AXELRAD A . Avram Adolf ,2760
AZARIE A .,579
DUGNEANU Paul,3740
DUICU Serafim,1585
DULFU Petre,2446
BENEȘ V. Wilhelm ,5598
BENGESCU-DABIJA Gheorghe,3740
BERARIU-IEREMIEVICI Artemie,251
BERCIU Ştefan,2474
BERNEA Ernest,5495
ASACHI Ermiona,995
ASIMINEI Constantin,1944
ASLAN Isaia C .,1959
ASTALOŞ George,3900
AVRAMESCU Mihai,3241
APOLZAN Mioara,2720
ARACHELIAN Vartan,1963
ARAIA Zicu A .,1655
ARCADE L.M .,4184
ARCAN Sofia,2662
CONSTANTINESCU Vasile,3705
CONTA Vasile,3024
CORBU Daniel,3854
CORCEA Avram,1539
BOTENI Ion,1808
BOTEZ-RAREŞ George Emil,1621
BOTIŞ-CIOBANU Maria,2049
BOTTA Dan,10387
BOERESCU Costache,704
BOERESCU Dan-Silviu,2862
BOERIU Eta,3797
BOGA L.T . Leonida T. ( Nida ),2680
BOGDAN Ioan,7884
BONCIU H .,7680
BONDI Dinu,1727
BORDEIANU Leo,971
BOS Jan Willem,3490
BREAZU Ion,3658
BREZIANU Andrei,4361
BREZIANU Barbu,3312
CUNESCU Gheorghe,1453
CURTICĂPEANU Doina,4585
BOLDUR Anda,1168
BOLDUREANU Ioan Viorel,2610
BREZULEANU Ana-Maria,4341
BRILL Tony,1708
BUCIU Marian Victor,3195
BOŢU Pavel,1074
BÖZÖDI György,593
BRAN Petru,820
BRANCOVICI Gheorghe,3125
BOGREA Vasile,4706
BUJOREANU Ioan M .,2454
BARBU Ion,69005
BARCAROIU Constantin,1910
BARONZI George,4402
BAROS Linda Maria,1614
BART Jean,8788
BAȘTOVOI Ștefan,6751
CARADA Eugeniu,1878
CARAGIALE Luca Ion,4162
CARAGIALE Mateiu I .,23634
CARAGIALI Costache,2199
CARAMAN Petru,10351
CARATANĂ Nicolae,2578
CARCALECHI Zaharia,1465
ALBALA Radu,4158
ALBU Florenţa,6474
ALBU Mihaela,3459
ALBULESCU Mircea,1574
ALEXANDRESCU Matei,6548
ALEXANDRU Ioan,14395
DIMA Simona-Grazia,3114
DIMITRIU Gheorghe,863
DIMITRIU Ştefan,4009
DIMOV Leonid,17706
ALEXICI Gheorghe,3206
ALEXIU Lucian,3156
ALMAŞ Dumitru,6230
ALMĂJAN Ion Marin,3009
BATZARIA Nicolae,7390
DIACONOVICI-LOGA Constantin,1741
DIACONU Dana,4305
CÂRDU Petru,6025
CEARA George,2544
CEARA Ilie A .,1631
CELAC Silvia,2339
CERNA-RĂDULESCU Al . Alexandru ,2592
CETEA Doina,1617
CHILARU Ion,832
CHINDRIŞ Ioan,5306
DELEANU Liviu,1088
DENSUŞIANU Aron,5186
CÂMPEANU Pavel,2565
CONSTANT Eugen,4160
CONSTANT Paul,5007
CONSTANTE Lena,3385
CONSTANTINESCU Barbu,715
CONSTANTINESCU Dan,2853
CONSTANTINESCU Nicolae,5069
BĂNESCU Nicolae,1268
BĂNUŢ Aurel P .,5608
BĂRAN Vasile,2148
BĂRBULESCU Ilie,1306
BĂRBULESCU Marta,1380
BĂRGĂUANU Gheorghe,2623
BĂRNUŢIU Simion,3175
BÂRLĂDEANU Lucreţia,1017
DONOSE Vicenţiu,5413
DORA D ’ ISTRIA,6145
DORIAN Emil,3551
CIUBOTARU Mihail I .,4595
BÂRLEA Petre Gheorghe,2510
BÂRNA Vlaicu,5280
BÂRSILĂ Mircea,5728
BELDEANU Adrian,3761
ANTONESCU George,2221
ANTONESCU Nae,2851
ANTONIU Corneliu,1834
DIONISIE Romano,3048
DOBRESCU Alexandru,7736
DOBRESCU Marius,2194
DOBROTă Eugeniu,1533
COJOCARU Dragoş,1243
COJOCARU Dragoș,3817
CONDIESCU N.M. Nicolae M . ,4104
CLAUDIAN Alexandru,2729
COBAN Nicolae,2160
DOLÂNGĂ Nicolae,1009
COVACI Aurel,1760
COVACI Ion,1547
CRAINIC Nichifor,13717
CRĂCIUN Gheorghe,20161
BLAJEVICI Teoctist,1579
BLANK Aristide,3533
CREANGĂ Ion,27266
DUŢESCU Dan,2873
DUŢESCU Mihai,3624
CORLACIU Ben,5497
CSEJKA Gerhardt,2558
CUCU Stelian,1571
CUGNO Marco,5957
CRISTEA Stan V .,1501
CRISTESCU Maria-Luiza,7674
CRIŞAN Constantin,2405
CORNEA Andrei,5902
CORNEANU Leonid,1062
COSMA Anton,3581
COSTIN Sebastian,1918
COTRĂU Liviu,3727
CULEA Apostol D .,1852
BODEA Dan,2382
DUMITRESCU Mariana,2446
DUMITRESCU-BISTRIŢA Gheorghe N .,1441
BURAC Andrei,2046
BUSUIOC Aureliu,2461
BUTNARU Val Valeriu ,1492
BUZILĂ Boris,2012
BUZNEA George,2084
CARTOJAN Nicolae,9168
CASSIAN-MĂTĂSARU I . Iosif ,1015
CAVADIA Mircea,3388
CAZABAN Al . Alexandru ,3545
CAZIMIR Otilia,4247
CĂLIN Gheorghe,1921
CĂLIN Liviu,2275
CĂLIN Vera,5357
DANCIU PETNICEANU,4162
DANIEL Paul I .,3951
DARIE Pavel,1204
AARON Theodor,2149
AARON Vasile,5353
ACHIM George,3462
ÁCS Károly,1799
ACSINTEANU George,2556
ACTERIAN Jeni,5647
BACOVIA George,19865
BADEA Ștefan,2872
BAICAN Elie,778
BALAN Dumitru,833
CANTACUZINO G. M. George Mathei ,6335
BABEȘ Vincenţiu,1599
BABOI Stelian,2641
BABU Ovidia,1343
BACIU Camil,4801
ADAMEK Diana,3960
ADĂSCĂLIŢEI Vasile,3255
CANTEMIR Traian,1551
CANTILLI Constantin,1318
CANTUNIARI Ileana,1921
DAN Pavel,15769
CARMEN Sylva,5709
BALȘ Teodor,1743
BANEA Gheorghe,2017
BANTAȘ Ioana,2272
BANTOȘ Ana,1755
DEAL Alexandru,2082
DECUSARă-BOCŞAN Crina,1417
DEL CHIARO,442
CACIONA Tache,2189
CALAÏS Alexandru,1485
CIOCULESCU Simona,1552
CIORAN Emil,19132
CIORĂNESCU George,4550
CIORĂNESCU Ioan I .,2499
ANDREIŢĂ Ion,3350
ANDRIEŞ Andi,2080
ANGHEL Dimitrie,12941
ANGHELESCU Adrian,4874
ANANIA George,3468
ANANIA Valeriu,11048
ANCU Grigore,876
ANDERCO Cicio Simion,937
CIPRIAN G .,10515
CISTELECAN Al . Alexandru ,9120
ALUI GHEORGHE Adrian,6359
CHIRNOAGĂ Mihail,1875
CIOCAN Iulian,1887
CIOCANU Anatol,1508
CIOCÂRDIA MATILA Dimitrie,1730
CHIVU Gheorghe,3280
CIBOTARU Mihail Gh .,2051
BĂILEȘTEANU Jean,3523
ANTON Ion,1771
DUMITRESCU George,4072
DUMITRESCU- BUŞULENGA Zoe,8285
DUMITRIU Petru,29588
BENIUC Mihai,19974
BERDAN Lucia,2690
CONSTANTINESCU Pompiliu,14035
CORBASCA Vladimir,1656
CORBEA Teodor,2073
CORBU Haralambie,2340
AZAP Gheorghe,2295
DRUMUR George,3195
DUCHIŃSKA Seweryna,675
DUDA Gabriela,1714
DUDA Virgil,6223
DUDAŞ Florian,1262
CORDOȘ Sanda,5973
BELIGAN Marica,1188
BELIGAN Radu,169
BELLU Pavel,3259
BENADOR Ury,6750
BENEA Marcela,146
DRĂGANU Nicolae,7935
DRIMBA Ovidiu,4619
CONSTANTINESCU Pimen,2811
ASLAN Theodor,983
ATANASIU Gheorghe,2518
AVRAM Vasile,2846
AVRAMESCU Mihail,7082
BHOSE Amita,1469
ARMAŞU Liliana,2821
Armeanu V aleriu,2953
DRAGOSLAV Ion,2739
BRUMARU Emil,7945
BRUNEA-FOX F .,9404
BUCOV Emilian,1841
BUCŞA Petre,3025
BUCUR Cornelia,1607
BUCUR Romulus,5647
BUD Florica,2330
BUD Tit,1189
BRATOLOVEANU Liviu,3532
BRATU Savin,4243
BRĂDESCU Faust,3575
BREBAN Nicolae,17757
CULIANU Ioan,6479
CURUCI Leonid,1452
BOLLIAC Cezar,5111
BOTEZ Ioan ( Iancu ),2980
BOTEZ Octav,6699
BOTTA Emil,13160
BOIAGI Mihail G .,3624
BOITOR George,1978
BOIU Zaharia,1287
BOJAN Mariana,3330
BOJINCĂ Damaschin T. Toma ,3110
BUJOR Paul,3036
BULAT Eugenia,1089
BULAT Virgil,3631
BUMBEŞTI Gheorghe V .,3088
BRAGA Corin,7040
BRAN-LEMENY Ioan Alexandru,1759
BORZIN Aurelia,1007
BOT Ioana,6476
BOGDAN-DASCĂLU Doina,2094
BOGDAN-Piteşti Alexandru,3080
BANUȘ Maria,9663
BARBU Eugen,27719
DASCAL Mihai,3040
DAUŞ Ludovic,2861
DAVID Dan,3212
DAVIDESCU N. Nicolae ,10779
DAVIDOVICI Doru,1733
AGOPIAN Ştefan,16391
CĂRĂUȘ Tamara,1814
CĂRTĂRESCU Mircea,26558
CĂTINA Oana,4102
CÂNDEA Virgil,8816
DEŞLIU Valentin,1370
DIACONESCU Ioana,3326
DIACONESCU Romulus,3089
DIACONESCU Traian,4742
DIACONU Ion,5326
DIMA Al . Alexandru ,10732
DELEANU Nicolae,1680
DEMETRESCU Mihail,1110
DEMETRESCU Traian,3421
DEMETRIAN Bucur,1967
DENSUSIANU Ovid,10579
DENSUŞIANU Ovid fiul,3725
DEPĂRĂŢEANU Alexandru,3578
AILENEI Sergiu,4564
ALBOIU George,3016
ALEXANDRESCU Sică Vasile ,4479
ALEXANDRESCU Sorin,9846
ALEXANDRU Radu F .,3353
BARBU Vasile,2453
BARBU Zevedei,5557
BARIŢIU Ieronim G .,3286
BASILESCU Nicolae I .,1734
BASSARABESCU I.A . Ioan A . ,7667
CESEREANU Ruxandra,7311
CHICHERE Ion,1568
CHIMET Iordan,5571
CÂRNECI Magda,7098
CEHAN-RACOVIŢĂ Constantin,834
CELAN Paul,6259
CERNEA Gheorghe,1003
AL-GEORGE Vasile,1709
ALMĂJAN Slavco,4485
ALTERESCU Simion,1820
DIMITRIU-PĂUŞEŞTI Alexandru,1505
DOBROGEANU-GHEREA C. Constantin ,20575
DOBROŞINSCHI-MALAI Elena,579
DOINAŞ Ștefan Aug. Augustin ,25777
DOSOFTEI,17630
CIUPUREANU Ionel,2636
CIURA Alexandru,2716
CIUREA Doina,2557
CONSTANTIN Ilie,11090
CONSTANTINESCU loan,5610
COANDE Nicolae,3983
COCA Ghedeon,829
COCEA N.D. Nicolae D . ,6929
ANTONESCU Georgeta,3858
ANTONIADE C. Constantin ,5147
DOBRE Alexandru,3073
DOLGAN Mihail,3123
DOMOKOS Sámuel,3237
DONICI Radu ( Rostislav ),256
COLESNIC Iurie,1826
COMAN Dan,5733
CONDEESCU Dan Alexandru,2628
BELICOV Serafim,1311
ARBORE Grigore,2357
ARBORE Zamfir C .,2577
BÂRLĂDEANU Victor,1816
CROHMĂL­NICEANU Ov . S. Ovid S . ,15339
CROITORU Angela,3926
CRUŞEVAN Olga,812
CUCEU Maria,1494
CUGLER Grigore,4720
CULCER Dan,6067
BLEOCA Liviu,2593
BLOCK Igor,1135
BOBE T.O .,3561
BODIU Andrei,6312
DUNĂREANU Nicolae,2994
DUR Ion,6646
DUŢESCU-DUŢU Teodor,4866
CORN Sebastian A .,4513
COVAL Dumitru,1215
COZEA Liana,3826
COZMIN Marta,3347
CRAIA Sultana,2128
CRAMA Mihail,4718
CRĂCIUNAŞ Silviu,1740
CRĂSESCU Victor,3534
CRÂNGULEANU Ion,1529
BILEŢCHI-ALBESCU Ioan,2008
BIOLAN Toma,2716
BIRĂESCU Aquilina,916
BITAY Árpád,2754
CORNIŞ-POP Marcel,5114
COROBAN Vasile,2691
COSTACHE Veniamin,1494
COSTIN Nicolae,4111
COŞOVEI Traian T .,13345
CRISTEA Tudor,4239
CRIŞAN Nicolae,4249
CREŢU Nicolae,2431
CREŢU Stănuţa,3910
BURICEA Aurel M .,1409
BURLACU Alexandru,2747
BUZINSCHI Corneliu,1723
DANELIUC Mircea,7663
DANȚIȘ Gabriela,5385
ABĂLUŢĂ Constantin,5857
ACTERIAN Arşavir,2294
ADAM Ioan,5221
BAICULESCU George,3834
BAISKI Dușan,2295
BAIULESCU Maria,1655
BALABAN Mircea E .,3325
BALACCIU MATEI Jana,2276
BALAHUR Paul,1691
DABIJA Nicolae,5501
CABA Olga,3852
CABAC Nistor,420
CACOVEANU Viorel,4829
CALEDONIU Ovid,1954
CANCICOV Georgeta Mircea,3723
CANIANU Mihail,2795
CANTACUZINO Mihai,5456
BACALBAȘA Gheorghe,1186
BACALBAȘA Ion ( Iancu ) C .,1675
BACALOGLU Elena,2552
BACONSKY A. E. Anatol Emilian ,21873
BALMUȘ Constantin I .,3516
BALMUȘ Pavel,2179
BANCIU Mihail-Constantin,2775
BANCIU Paul Eugen,6093
BANU George,5712
DAMIAN S .,4838
DAN Dimitrie,1808
DAN Ilie,3751
DAN Ioan,4017
DAN Sergiu Pavel,5014
DĂNCIULESCU Sina ( Eufrosina ),1454
DĂNILĂ Simion,1778
DĂSCĂLESCU Dimitrie,1252
DEACONESCU Ion,2506
DELAVRANCEA Cella,3017
DELEANU Horia,2731
CARAGIALI Iorgu,2075
CARANDINO N. Nicolae ,5052
CARMEL Shaul,3022
CARPOV Maria,1925
CASSIAN Nina,8274
CAZABAN Theodor,3477
BARBORICĂ Corneliu,4337
DASCĂLU Bogdan Mihai,3294
DATCU Iordan,3676
BELDIE Constantin,4983
APETROAIE Ion,2012
APOSTOL Constantin,1713
APOSTOLESCU N. I . Nicolae I . ,5927
ARAMĂ Horia,5382
ARCHIP Ticu,8892
ARDELEANU Carol,5615
COCEA Sofia,1830
CODREANU Mihai,5077
CODREANU Theodor,6033
CODRESCU Teodor,647
CODRIN Şerban,2322
CODRU Anatol,2023
CODRU-DRĂGUŞANU Ion Germaniu,2958
COMAN Mihai,3655
COMARNESCU Petru,9641
COMĂNEANU Anca Delia,3197
COMŞA Ioan,1741
CONACHI Costache,6904
DOBRESCU Caius,7591
DOBRIAN Vasile,3891
DOINA Jela,3452
BĂRBULESCU Paul,1798
BĂRBULESCU Romulus,3481
BÂRLEA Ion,1857
BÂRLEA Ovidiu,8442
CONSTANTINESCU Emilian I .,3213
CONSTANTINESCU Leontin Jean,2833
BĂNULESCU Daniel,11818
DORIAN Dorel,3892
CIUBOTARU Silvia,2077
CIZEK Eugen,4397
BÂRSAN Zaharia,9506
BELCIU Maya,2980
DONICI Alecu ( Alexandru ),2580
DONICI Leon,4122
BOUREANU Radu,11190
BOUREANUL Eugen,2668
BOUTIÈRE Jean,389
BOZ Lucian,4787
BORBÉLY Ştefan,5249
BORNEMISA Sebastian,3791
BOSSUN Ştefan,756
BOSTAN Grigore C .,4179
BOSTAN Lora,1756
BOTE Lidia,2255
CUŞA Ioan,1451
CUTOVA Ioan,1637
CUZA A.C. Alexandru C . ,4141
CUZA Constantin,3050
CUZA Gheorghe A .,1207
BRĂDĂŢEANU Virgil,3825
BRĂTESCU-VOINEŞTI I. Al .,7302
BRETIN Rodica,1346
BURGHIU Iacob,1042
BURILEANU Dumitru N .,998
BURLĂNESCU-ALIN Nicolae,2574
BUZAŞI Ion,2030
BUZDUGAN Ion,1450
BRÎNZEU Pia,2301
BUCUROIU Valeriu,2641
BUDUCA Ioan,2776
BUDURESCU Nicolae M .,1639
BOTEZATU Eliza,1115
BOTEZATU Grigore,1680
BOTTEA Horia,1579
BUGARIN Grigore,1994
BULGĂR Gheorghe,3313
BUZNEA Iancu,1711
ADAME­ŞTEANU Gabriela,17098
CARAGIALE I. L. Ion Luca ,30670
DEMETRIESCU Anghel,2360
DEMETRIUS Lucia,9389
DENSUŞIANU Nicolae,4244
DESSILA Octav,3304
DEŞLIU Dan,4846
DIACONU Nicolae,2330
DIANU Romulus,5651
ALBANI Tiron,2739
ALECU Viorel,1777
ALEXANDRESCU Grigore,11053
BARBU N.I . Nicolae I . ,4459
BARIŢIU George,7434
BAROS Aurel Maria,3092
BATOVA Dimitrie,2525
CHELARIU Traian,6647
CHIFU Gabriel,4755
CĂPĂŢINEANU Stanciu,1331
CĂRARE Petru,2050
CĂTANĂ George,1330
DIMA-DRĂGAN Corneliu,994
DIMITRIU Eugen,3374
DIMITRIU I.G .,1590
CENUŞĂ Zinaida,778
ALEXIU Mircea,1243
BĂLAN Eugen,5006
BĂLĂCESCU Lucia Dem .,3444
BĂLĂIŢĂ George,14626
BĂLĂNESCU Gabriel,2860
ANDREI Gheorghe,856
ANDRIESCU Alexandru,4354
ANDRONESCU Madeleine,1930
ANGHELESCU Mircea,8861
CIOBANU Constantin Th .,3921
CIOBANU Radu,3091
CIOBANU Valeriu,2199
CIOCÂLTEU Vintilă,1594
CIOCÂRLIE Alexandra,3054
CHRISTI Aura,2270
CIMPOEŞU Petru,9463
CIOCOI Gheorghe,1418
CIOCULESCU Radu,1219
CIOFLEC Romulus,4081
BĂLTEANU Eugenia,3024
BĂLU Ion,1855
BĂNESCU Constantin Virgil,2395
CISEK Oscar Walter,12941
ANTONESCU Venera,1819
DINULESCU Puși ( Dumitru ),4330
CHIRIAC Alexandru,1248
CHIRILĂ George,2513
CHITIC Paul Cornel,2365
ARDELEANU Virgil,4734
ARGEŞANU Constantin,2260
DRAGHINCESCU Rodica,3432
DRAGOMIR Caius,2940
DRAGOMIR State,5868
DRAM Constantin,3298
DRăGAN Daniel,3729
BIANU Ioan,2522
ARGINTESCU-AMZA N. Nicolae ,1989
ARICESCU C.D . Constantin D . ,4986
ARIEŞAN Claudiu Teodor,1782
ARISTIA Costache ( Constantin ),4550
BERCEANU Patrel,2557
BEŞTELIU Marin,3229
BEZA Marcu,4271
BEZVICONI Gheorghe,2556
DRĂGĂNOIU Ion,2221
DRUMEŞ Mihail,4733
BELIMACE Constantin T .,1827
BELISTOV Vladimir,1047
BELLU Petre,2601
DUMA Radu,242
DUMBRAVă Bucura,3988
AVRAMESCU Lucian,3183
AXINTE Uricariul,619
DUMITRESCU George Dorul,2026
DUMITRESCU-MOVILEANU Ion,284
CONSTANTINIDIS Thea,2028
COPCEA Iorgu,1033
CORNEA Aureliu,2261
CORNEA Paul,11719
COROIU Constantin,2484
COSAŞU Radu,12364
COSMA Mihail,2560
COSMIN Radu,2146
COSTA Ioana,3849
COSTENCO Nicolai,5227
BLAZIAN H. Henri ,4542
CREMENE Mioara,5560
CREŢIA Petru,6482
CREŢU Bogdan,2850
CREŢU Grigore,6076
CREŢU Igor,1121
CREŢULESCU Ioana,2095
CREVEDIA N .,6834
BOGZA Geo,16173
BOKOR Petre,1935
BOLDAN Emil,1608
BOLDEA Iulian,2127
COSTIN Miron,11084
COŞOVEI Traian,2982
COTORE Gherontie,2770
COTOVU Sandra,2879
CRISTEA Dan,4526
CRISTEA Elie Miron,2785
CRISTESCU Florian,2797
CRISTIAN Sergiu,1058
CRISTOIU Ion,3118
DUNĂREANU Ovidiu,6759
CORDUN Miron,2661
CORESI Şerban,520
BOCET B .,553
BODNARU Adrian,3173
BOGDAN Elvira,1813
BOGDAN N.A . Nicolai Andriescu ,3125
BIEDRZYCKI Emil,2082
BIROU Virgil,2595
